THỜI GIAN ,MÃ LỆNH ,MÃ ITEM ,QRCODE ,TỔ/TRUYỀN ,MÁY ,CÔNG NHÂN ,TRẠNG THÁI ,LỖI 
"10:08
10/08/2026", LSX0626/1886,Dòng PCR,21064101*P020726N022005,Tổ 1 (Truyền 1),SRLH-01,Vũ Ngọc Khoa,Đạt,-
"10:08
10/08/2026", LSX0625/1010,Dòng PCR,21062811*P030525N052144,Tổ 1 (Truyền 2),SRLH-03,Đào Hữu Minh Tính,Đạt,-
"07:08
10/08/2026", LSX0626/8949,Dòng PCR,21062851*P090426N022092,Tổ 1 (Truyền 3),SRLH-04,Nguyễn Thị Thùy Duyên,Đạt,-
"07:08
10/08/2026", LSX0624/2603,Dòng PCR,21062821*P131124N084089,Tổ 1 (Truyền 4),SRLH-05,Nguyễn Quốc Nam,Đạt,-
"07:08
10/08/2026", LSX0624/0036,Dòng PCR,21062781*P200224D022098,Tổ 1 (Truyền 1),SRLH-06,Đoàn Hoàng Tùng,Đạt,-
"07:08
10/08/2026", LSX0622/0489,Dòng PCR,21062701*P180322D094284,Tổ 1 (Truyền 2),SRLH-07,Đỗ Nguyễn Phương Ngọc,Đạt,-
"07:08
10/08/2026", LSX0621/4556,Dòng PCR,21061201*P080122N032065,Tổ 1 (Truyền 3),SRLH-08,Nguyễn Phúc Bảo Duy,Đạt,-
"07:08
10/08/2026", LSX0622/2634,Dòng PCR,21062701*P241022D114255,Tổ 1 (Truyền 4),SRLH-12,Nguyễn Đình Phú,Đạt,-
"07:08
10/08/2026", LSX0622/2634,Dòng PCR,21062701*P180322D094284,Tổ 1 (Truyền 2),SRLH-01,Nguyễn Thị Thùy Duyên,Đạt,-
"07:08
10/08/2026", LSX0626/8949,Dòng PCR,21062811*P030525N052144,Tổ 1 (Truyền 4),SRLH-07,Đào Hữu Minh Tính,Đạt,-
"07:08
10/08/2026", LSX0625/1010,Dòng PCR,21062701*P180322D094284,Tổ 1 (Truyền 2),SRLH-12,Đào Hữu Minh Tính,Đạt,-
"07:08
10/08/2026", LSX0624/2603,Dòng PCR,21062821*P131124N084089,Tổ 1 (Truyền 4),SRLH-08,Nguyễn Phúc Bảo Duy,Đạt,-
"10:08
10/08/2026", LSX0624/0036,Dòng PCR,21064101*P020726N022005,Tổ 1 (Truyền 2),SRLH-04,Nguyễn Thị Thùy Duyên,Đạt,-
"10:08

10/08/2026", LSX0622/0489,Dòng PCR,21062701*P241022D114255,Tổ 1 (Truyền 1),SRLH-05,Nguyễn Thị Thùy Duyên,Đạt,-
"07:08
10/08/2026", LSX0626/8949,Dòng PCR,21062811*P030525N052144,Tổ 1 (Truyền 2),SRLH-06,Nguyễn Đình Phú,Đạt,-
"07:08
10/08/2026", LSX0622/2634,Dòng PCR,21062781*P200224D022098,Tổ 1 (Truyền 3),SRLH-03,Đào Hữu Minh Tính,Đạt,-
"10:08
10/08/2026", LSX0624/0036,Dòng PCR,21062811*P030525N052144,Tổ 1 (Truyền 4),SRLH-04,Nguyễn Đình Phú,Đạt,-
"07:08
10/08/2026", LSX0626/8949,Dòng PCR,21062701*P241022D114255,Tổ 1 (Truyền 3),SRLH-03,Nguyễn Đình Phú,Đạt,-
"10:08
10/08/2026", LSX0622/2634,Dòng PCR,21062701*P180322D094284,Tổ 1 (Truyền 4),SRLH-12,Đoàn Hoàng Tùng,Đạt,-
"07:08
10/08/2026", LSX0622/2634,Dòng PCR,21061201*P080122N032065,Tổ 1 (Truyền 4),SRLH-07,Đào Hữu Minh Tính,Đạt,-
"07:08
10/08/2026", LSX0624/2603,Dòng PCR,21062821*P131124N084089,Tổ 1 (Truyền 4),SRLH-08,Đào Hữu Minh Tính,Đạt,-
"10:08
10/08/2026", LSX0626/1886,Dòng PCR,21062821*P131124N084089,Tổ 1 (Truyền 3),SRLH-08,Nguyễn Thị Thùy Duyên,Đạt,-
"10:08
10/08/2026", LSX0624/0036,Dòng PCR,21062701*P180322D094284,Tổ 1 (Truyền 2),SRLH-12,Đoàn Hoàng Tùng,Đạt,-
"10:08
10/08/2026", LSX0624/0036,Dòng PCR,21061201*P080122N032065,Tổ 1 (Truyền 2),SRLH-01,Đào Hữu Minh Tính,Đạt,-
"07:08
10/08/2026", LSX0625/1010,Dòng PCR,21061201*P080122N032065,Tổ 1 (Truyền 1),SRLH-12,Nguyễn Quốc Nam,Đạt,-
"07:08
10/08/2026", LSX0622/0489,Dòng PCR,21064101*P020726N022005,Tổ 1 (Truyền 2),SRLH-01,Vũ Ngọc Khoa,Đạt,-
"10:08
10/08/2026", LSX0621/4556,Dòng PCR,21062701*P180322D094284,Tổ 1 (Truyền 4),SRLH-05,Đoàn Hoàng Tùng,Đạt,-
"10:08
10/08/2026", LSX0626/1886,Dòng PCR,21064101*P020726N022005,Tổ 1 (Truyền 2),SRLH-06,Vũ Ngọc Khoa,Đạt,-
22:29
23/09/2026	LSX0626/1886	21062571	21062571*1224A18	Tổ 1 (Truyền 1)	Máy LH-001	Huy Hùng	Đạt	-

