TÊN SẢN PHẨM (QUY CÁCH) ,PHÂN LOẠI ,SẢN LƯỢNG ĐẠT ,CHỈ TIÊU LỆNH ,TỶ LỆ ,SẢN LƯỢNG BAN ĐẦU,SẢN LƯỢNG LỖI,TỶ LỆ LỖI (%)
Lốp 185/65 R15 MS932 88H RBD,PCR,"2,150","2,200",97%,2239,89,3.97
Lốp 195/60 R15 MS932 88H RBD,PCR,"1,840","2,000",92%,1908,68,3.56
Lốp 215/60 R17 MS932 96H RBD,PCR,"1,650","1,800",91%,1762,112,6.36
Lốp 225/45 R18 MS932 95V RBD (XL),PCR,"1,420","1,500",94%,1518,98,6.46
Lốp 235/60 R18 Venturer AV579 Sport TL 107V RBD,PCR,"1,210","1,300",93%,1232,22,1.79
Lốp 215/55 R17 Venturer AV579 Sport TL 98V RBD,PCR,"1,180","1,200",98%,1211,31,2.56
Lốp 175/50 R15 Venturer AV568 TL 75H RBD,PCR,"1,100","1,200",91%,1190,90,7.56
Lốp 185/55 R16 Venturer AV568 TL 83V RBD,PCR,"1,050","1,100",95%,1121,71,6.33
Lốp 215/55 R17 Venturer AV579 Sport TL 98V RBD,PCR,"1,210","2,200",93%,1251,41,3.28
Lốp 185/65 R15 MS932 88H RBD,PCR,"2,150","1,200",98%,2256,106,4.7
Lốp 195/60 R15 MS932 88H RBD,PCR,"1,420","2,200",98%,1491,71,4.76
Lốp 195/60 R15 MS932 88H RBD,PCR,"1,840","2,200",97%,1947,107,5.5
Lốp 175/50 R15 Venturer AV568 TL 75H RBD,PCR,"1,050","1,800",98%,1132,82,7.24
Lốp 185/65 R15 MS932 88H RBD,PCR,"1,840","1,100",94%,1987,147,7.4
Lốp 225/45 R18 MS932 95V RBD (XL),PCR,"1,840","1,300",91%,1984,144,7.26
Lốp 235/60 R18 Venturer AV579 Sport TL 107V RBD,PCR,"1,840","2,200",94%,1983,143,7.21
Lốp 235/60 R18 Venturer AV579 Sport TL 107V RBD,PCR,"1,180","1,200",95%,1252,72,5.75
Lốp 215/55 R17 Venturer AV579 Sport TL 98V RBD,PCR,"1,210","1,200",95%,1254,44,3.51
Lốp 175/50 R15 Venturer AV568 TL 75H RBD,PCR,"1,050","1,200",98%,1114,64,5.75
Lốp 225/45 R18 MS932 95V RBD (XL),PCR,"1,420","1,100",94%,1506,86,5.71
Lốp 175/50 R15 Venturer AV568 TL 75H RBD,PCR,"1,650","2,000",98%,1749,99,5.66
Lốp 215/60 R17 MS932 96H RBD,PCR,"2,150","1,100",91%,2195,45,2.05
Lốp 185/55 R16 Venturer AV568 TL 83V RBD,PCR,"2,150","1,800",93%,2515,365,14.51
Lốp 235/60 R18 Venturer AV579 Sport TL 107V RBD,PCR,"1,650","1,200",93%,1901,251,13.2
Lốp 215/55 R17 Venturer AV579 Sport TL 98V RBD,PCR,"1,050","1,300",92%,1098,48,4.37
Lốp 185/55 R16 Venturer AV568 TL 83V RBD,PCR,"1,210","1,200",92%,1226,16,1.31
Lốp 175/50 R15 Venturer AV568 TL 75H RBD,PCR,"1,050","1,300",97%,1112,62,5.58
Lốp 175/50 R15 Venturer AV568 TL 75H RBD,PCR,"2,150","1,300",97%,2328,178,7.65


