MÃ CHUYỀN ,LOẠI SẢN PHẨM ,SẢN LƯỢNG ĐẠT ,CHỈ TIÊU LỆNH ,HIỆU SUẤT ,SẢN LƯỢNG BAN ĐẦU,SẢN LƯỢNG LỖI,TỶ LỆ LỖI (%)
Truyền 1 (TBR),TBR,"3,450","3,500",98%,3509,59,1.68
Truyền 2 (Hỗn hợp),MIX,"3,210","3,300",97%,3337,127,3.81
Truyền 3 (PCT),PCR,"2,840","3,000",94%,2878,38,1.32
Truyền 4 (PCR),PCR,"2,100","2,200",95%,2265,165,7.28
Truyền 1 (TBR),MIX,"3,450","2,200",95%,3491,41,1.17
Truyền 4 (PCR),MIX,"2,100","3,000",97%,2266,166,7.33
Truyền 3 (PCT),TBR,"2,840","3,300",98%,3029,189,6.24
Truyền 2 (Hỗn hợp),PCR,"3,210","2,200",95%,3346,136,4.06
Truyền 2 (Hỗn hợp),PCR,"3,450","3,300",94%,3717,267,7.18
Truyền 4 (PCR),MIX,"2,100","3,300",94%,2156,56,2.6
Truyền 1 (TBR),MIX,"3,210","2,200",98%,3468,258,7.44
Truyền 3 (PCT),PCR,"2,100","3,300",97%,2271,171,7.53
Truyền 1 (TBR),MIX,"2,840","3,500",95%,3027,187,6.18
Truyền 1 (TBR),MIX,"2,100","3,300",95%,2225,125,5.62
Truyền 3 (PCT),MIX,"2,100","2,200",97%,2143,43,2.01
Truyền 4 (PCR),TBR,"3,450","3,500",95%,3640,190,5.22
Truyền 3 (PCT),TBR,"3,210","3,300",95%,3438,228,6.63
Truyền 4 (PCR),MIX,"3,210","3,500",97%,3477,267,7.68
Truyền 3 (PCT),PCR,"3,210","3,000",95%,3453,243,7.04
Truyền 4 (PCR),TBR,"3,450","3,300",97%,3538,88,2.49
Truyền 3 (PCT),PCR,"2,840","3,300",98%,3072,232,7.55
Truyền 1 (TBR),PCR,"3,450","3,500",94%,3793,343,9.04
Truyền 4 (PCR),TBR,"2,840","3,000",94%,2993,153,5.11
Truyền 2 (Hỗn hợp),MIX,"2,840","3,000",98%,3139,299,9.53

