TÊN NHÂN VIÊN ,MÃ NV ,SẢN LƯỢNG ĐẠT ,CHỈ TIÊU ,TỶ LỆ ,SẢN LƯỢNG BAN ĐẦU,SẢN LƯỢNG LỖI,TỶ LỆ LỖI (%)
Vũ Ngọc Khoa,11239,"1,540","1,600",96%,1604,64,3.99
Đào Hữu Minh Tính,11240,"1,500","1,600",93%,1556,56,3.6
Nguyễn Thị Thùy Duyên,11241,"1,480","1,500",98%,1581,101,6.39
Nguyễn Quốc Nam,11242,"1,450","1,500",96%,1550,100,6.45
Đoàn Hoàng Tùng,11243,"1,400","1,500",93%,1426,26,1.82
Đỗ Nguyễn Phương Ngọc,11244,"1,350","1,400",96%,1386,36,2.6
Nguyễn Phúc Bảo Duy,11245,"1,300","1,400",92%,1406,106,7.54
Nguyễn Đình Phú,11246,"1,200","1,300",92%,1281,81,6.32
Nguyễn Đình Phú,11245,"1,500","1,300",93%,1551,51,3.29
Đào Hữu Minh Tính,11244,"1,400","1,600",93%,1469,69,4.7
Nguyễn Quốc Nam,11241,"1,540","1,500",98%,1617,77,4.76
Đỗ Nguyễn Phương Ngọc,11246,"1,350","1,300",93%,1428,78,5.46
Nguyễn Quốc Nam,11244,"1,350","1,300",93%,1455,105,7.22
Nguyễn Quốc Nam,11244,"1,540","1,400",92%,1663,123,7.4
Đào Hữu Minh Tính,11242,"1,300","1,500",96%,1402,102,7.28
Nguyễn Quốc Nam,11241,"1,450","1,500",98%,1563,113,7.23
Đào Hữu Minh Tính,11240,"1,300","1,400",98%,1380,80,5.8
Nguyễn Thị Thùy Duyên,11245,"1,540","1,400",93%,1595,55,3.45
Đỗ Nguyễn Phương Ngọc,11242,"1,500","1,500",92%,1591,91,5.72
Đỗ Nguyễn Phương Ngọc,11240,"1,450","1,600",93%,1537,87,5.66
Đoàn Hoàng Tùng,11241,"1,500","1,600",92%,1590,90,5.66
Nguyễn Thị Thùy Duyên,11243,"1,480","1,300",93%,1511,31,2.05
Nguyễn Đình Phú,11240,"1,350","1,500",98%,1579,229,14.5
Vũ Ngọc Khoa,11245,"1,500","1,500",98%,1728,228,13.19
Nguyễn Thị Thùy Duyên,11244,"1,350","1,500",92%,1411,61,4.32
Vũ Ngọc Khoa,11244,"1,540","1,300",93%,1560,20,1.28
Nguyễn Thị Thùy Duyên,11242,"1,500","1,600",93%,1589,89,5.6
Nguyễn Đình Phú,11243,"1,400","1,600",96%,1516,116,7.65


