MÃ MÁY ,DÒNG SP ,SẢN LƯỢNG ĐẠT ,CHỈ TIÊU ,SẢN LƯỢNG BAN ĐẦU,SẢN LƯỢNG LỖI,TỶ LỆ LỖI (%)
1 SRLH-01,TBR,"1,540","1,600",1604,64,3.99
2 SRLH-03,PCR,"1,480","1,500",1535,55,3.58
3 SRLH-04,PCR,"1,320","1,400",1410,90,6.38
4 SRLH-05,PCR,"1,250","1,300",1336,86,6.44
5 SRLH-06,PCR,"1,180","1,200",1202,22,1.83
6 SRLH-07,PCR,"1,120","1,200",1150,30,2.61
7 SRLH-08,PCR,"1,050","1,100",1135,85,7.49
8 SRLH-12,PCR,980,"1,000",1046,66,6.31
7 SRLH-08,TBR,980,"1,000",1013,33,3.26
2 SRLH-03,PCR,"1,480","1,200",1553,73,4.7
7 SRLH-08,PCR,"1,320","1,400",1386,66,4.76
1 SRLH-01,TBR,"1,250","1,400",1322,72,5.45
7 SRLH-08,PCR,980,"1,400",1056,76,7.2
7 SRLH-08,PCR,"1,050","1,100",1134,84,7.41
7 SRLH-08,TBR,"1,540","1,400",1660,120,7.23
6 SRLH-07,PCR,"1,480","1,500",1595,115,7.21
4 SRLH-05,PCR,"1,050","1,400",1115,65,5.83
6 SRLH-07,PCR,"1,540","1,600",1595,55,3.45
3 SRLH-04,PCR,"1,050","1,600",1114,64,5.75
7 SRLH-08,PCR,"1,320","1,600",1400,80,5.71
5 SRLH-06,TBR,980,"1,100",1039,59,5.68
4 SRLH-05,PCR,"1,320","1,100",1348,28,2.08
5 SRLH-06,PCR,"1,250","1,200",1462,212,14.5
5 SRLH-06,TBR,"1,120","1,300",1290,170,13.18
1 SRLH-01,PCR,"1,480","1,100",1547,67,4.33
2 SRLH-03,TBR,"1,180","1,500",1195,15,1.26
2 SRLH-03,TBR,"1,180","1,000",1250,70,5.6
1 SRLH-01,TBR,"1,050","1,300",1137,87,7.65


