NGÀY ,CA LÀM VIỆC ,DÒNG SẢN PHẨM ,SẢN LƯỢNG ĐẠT ,KẾ HOẠCH ,TỶ LỆ ,LÀM LỢI (PHÚT) ,SẢN LƯỢNG BAN ĐẦU,SẢN LƯỢNG LỖI,TỶ LỆ LỖI (%)
10/08/2026,Ca 1,PCR,"4,320","4,500",96%,-8 phút,4394,74,1.68
10/08/2026,Ca 1,TBR,"1,922","2,000",96.1%,-2 phút,1998,76,3.8
10/08/2026,Ca 2,PCR,"4,320","4,500",96%,-3 phút,4378,58,1.32
10/08/2026,Ca 2,TBR,"1,923","2,000",96.1%,-2 phút,2074,151,7.28
10/08/2026,Ca 1,PCR,"1,922","2,000",96%,-3 phút,1945,23,1.18
10/08/2026,Ca 2,PCR,"4,320","2,000",96.1%,-3 phút,4661,341,7.32
10/08/2026,Ca 1,TBR,"1,922","4,500",96.1%,-8 phút,2050,128,6.24
10/08/2026,Ca 2,TBR,"1,922","2,000",96%,-3 phút,2003,81,4.04
10/08/2026,Ca 2,TBR,"1,923","4,500",96%,-2 phút,2072,149,7.19
10/08/2026,Ca 1,PCR,"4,320","2,000",96%,-2 phút,4436,116,2.61
10/08/2026,Ca 1,PCR,"1,923","4,500",96%,-2 phút,2078,155,7.46
10/08/2026,Ca 2,PCR,"1,923","4,500",96.1%,-8 phút,2079,156,7.5
10/08/2026,Ca 1,PCR,"4,320","4,500",96.1%,-3 phút,4605,285,6.19
10/08/2026,Ca 1,TBR,"4,320","2,000",96%,-8 phút,4578,258,5.64
10/08/2026,Ca 2,TBR,"1,922","4,500",96.1%,-8 phút,1961,39,1.99
10/08/2026,Ca 2,PCR,"4,320","2,000",96%,-8 phút,4558,238,5.22
10/08/2026,Ca 1,PCR,"4,320","4,500",96%,-8 phút,4627,307,6.63
10/08/2026,Ca 1,TBR,"1,922","4,500",96.1%,-8 phút,2082,160,7.68
10/08/2026,Ca 1,PCR,"1,923","2,000",96.1%,-8 phút,2069,146,7.06
10/08/2026,Ca 2,TBR,"1,923","4,500",96.1%,-3 phút,1972,49,2.48
10/08/2026,Ca 2,TBR,"4,320","2,000",96%,-3 phút,4673,353,7.55
10/08/2026,Ca 2,PCR,"1,923","2,000",96%,-8 phút,2114,191,9.04
10/08/2026,Ca 2,PCR,"4,320","4,500",96%,-8 phút,4552,232,5.1
10/08/2026,Ca 2,TBR,"1,923","4,500",96%,-2 phút,2125,202,9.51


